{"cameraMode":{"drawMode":0,"name":"Shaded","section":"Shading Mode"},"sceneLighting":true,"audioPlay":false,"sceneViewState":{"showFog":true,"showMaterialUpdate":false,"showSkybox":true,"showFlares":true,"showImageEffects":true,"showParticleSystems":true},"in2DMode":false,"pivot":{"x":-0.02227783203125,"y":0.88555908203125,"z":-0.024658203125},"rotation":{"x":-0.0499412901699543,"y":-0.9481877088546753,"z":0.1887502670288086,"w":-0.2508055865764618},"size":0.8689762353897095,"orthographic":true}