{"cameraMode":{"drawMode":0,"name":"Shaded","section":"Shading Mode"},"sceneLighting":true,"audioPlay":false,"sceneViewState":{"showFog":true,"showMaterialUpdate":false,"showSkybox":true,"showFlares":true,"showImageEffects":true,"showParticleSystems":true},"in2DMode":false,"pivot":{"x":-0.04010733962059021,"y":0.8022252917289734,"z":0.8459668159484863},"rotation":{"x":0.00888845231384039,"y":-0.15684331953525544,"z":0.0014116367092356086,"w":0.987582802772522},"size":0.5042437314987183,"orthographic":false}