{"cameraMode":{"drawMode":0,"name":"Shaded","section":"Shading Mode"},"sceneLighting":true,"audioPlay":false,"sceneViewState":{"showFog":true,"showMaterialUpdate":false,"showSkybox":true,"showFlares":true,"showImageEffects":true,"showParticleSystems":true},"in2DMode":false,"pivot":{"x":0.7376278042793274,"y":0.71136474609375,"z":0.86930912733078},"rotation":{"x":0.039769332855939868,"y":-0.9601699113845825,"z":0.2010401338338852,"w":0.1899385154247284},"size":1.2801368236541749,"orthographic":true}