{"cameraMode":{"drawMode":0,"name":"Shaded","section":"Shading Mode"},"sceneLighting":true,"audioPlay":false,"sceneViewState":{"showFog":true,"showMaterialUpdate":false,"showSkybox":true,"showFlares":true,"showImageEffects":true,"showParticleSystems":true},"in2DMode":false,"pivot":{"x":0.562255859375,"y":0.7978134155273438,"z":0.82958984375},"rotation":{"x":-0.004205623641610146,"y":-0.9860141277313232,"z":0.025148073211312295,"w":-0.16478469967842103},"size":0.8004277944564819,"orthographic":true}