{"cameraMode":{"drawMode":0,"name":"Shaded","section":"Shading Mode"},"sceneLighting":true,"audioPlay":false,"sceneViewState":{"showFog":true,"showMaterialUpdate":false,"showSkybox":true,"showFlares":true,"showImageEffects":true,"showParticleSystems":true},"in2DMode":false,"pivot":{"x":-0.3646240234375,"y":0.349639892578125,"z":-0.858795166015625},"rotation":{"x":0.07592485845088959,"y":0.8338039517402649,"z":-0.11827239394187927,"w":0.5340425372123718},"size":0.46447569131851199,"orthographic":true}