{"cameraMode":{"drawMode":0,"name":"Shaded","section":"Shading Mode"},"sceneLighting":true,"audioPlay":false,"sceneViewState":{"showFog":true,"showMaterialUpdate":false,"showSkybox":true,"showFlares":true,"showImageEffects":true,"showParticleSystems":true},"in2DMode":false,"pivot":{"x":-0.0347900390625,"y":0.039306640625,"z":-0.41571044921875},"rotation":{"x":0.07592485845088959,"y":0.8338039517402649,"z":-0.11827239394187927,"w":0.5340425372123718},"size":0.4577714502811432,"orthographic":true}