{"cameraMode":{"drawMode":0,"name":"Shaded","section":"Shading Mode"},"sceneLighting":true,"audioPlay":false,"sceneViewState":{"showFog":true,"showMaterialUpdate":false,"showSkybox":true,"showFlares":true,"showImageEffects":true,"showParticleSystems":true},"in2DMode":false,"pivot":{"x":0.6492919921875,"y":1.481689453125,"z":0.370361328125},"rotation":{"x":-0.17251576483249665,"y":0.3883316218852997,"z":-0.07443127781152725,"w":-0.9022284746170044},"size":2.6927974224090578,"orthographic":true}