{"cameraMode":{"drawMode":0,"name":"Shaded","section":"Shading Mode"},"sceneLighting":true,"audioPlay":false,"sceneViewState":{"showFog":true,"showMaterialUpdate":false,"showSkybox":true,"showFlares":true,"showImageEffects":true,"showParticleSystems":true},"in2DMode":false,"pivot":{"x":1.1119999885559083,"y":1.2060266733169556,"z":-0.3475668132305145},"rotation":{"x":0.04948711395263672,"y":0.9467692971229553,"z":-0.1766648143529892,"w":0.26475226879119875},"size":0.9177495241165161,"orthographic":true}