{"cameraMode":{"drawMode":0,"name":"Shaded","section":"Shading Mode"},"sceneLighting":true,"audioPlay":false,"sceneViewState":{"showFog":true,"showMaterialUpdate":false,"showSkybox":true,"showFlares":true,"showImageEffects":true,"showParticleSystems":true},"in2DMode":false,"pivot":{"x":-1.1175870895385743e-8,"y":-0.015165746212005616,"z":0.003107309341430664},"rotation":{"x":0.023717261850833894,"y":0.9721599817276001,"z":-0.11277902871370316,"w":0.20415540039539338},"size":1.1191352605819703,"orthographic":true}