{"cameraMode":{"drawMode":0,"name":"Shaded","section":"Shading Mode"},"sceneLighting":true,"audioPlay":false,"sceneViewState":{"showFog":true,"showMaterialUpdate":false,"showSkybox":true,"showFlares":true,"showImageEffects":true,"showParticleSystems":true},"in2DMode":false,"pivot":{"x":-1.0406157970428467,"y":2.600874185562134,"z":1.3465831279754639},"rotation":{"x":0.12149304896593094,"y":0.28516241908073428,"z":0.03646950051188469,"w":-0.9500558972358704},"size":2.6269166469573976,"orthographic":false}