{"cameraMode":{"drawMode":0,"name":"Shaded","section":"Shading Mode"},"sceneLighting":true,"audioPlay":false,"sceneViewState":{"showFog":true,"showMaterialUpdate":false,"showSkybox":true,"showFlares":true,"showImageEffects":true,"showParticleSystems":true},"in2DMode":false,"pivot":{"x":-1.539084792137146,"y":0.932549238204956,"z":-1.72575044631958},"rotation":{"x":-0.005674748215824366,"y":0.975200891494751,"z":-0.025175273418426515,"w":-0.21981410682201386},"size":2.0165064334869386,"orthographic":false}