{"cameraMode":{"drawMode":0,"name":"Shaded","section":"Shading Mode"},"sceneLighting":true,"audioPlay":false,"sceneViewState":{"showFog":true,"showMaterialUpdate":false,"showSkybox":true,"showFlares":true,"showImageEffects":true,"showParticleSystems":true},"in2DMode":false,"pivot":{"x":1.20989990234375,"y":0.932342529296875,"z":-0.7222137451171875},"rotation":{"x":0.0728922113776207,"y":0.8975586295127869,"z":-0.16191154718399049,"w":0.4037100672721863},"size":0.2701898217201233,"orthographic":true}