{"cameraMode":{"drawMode":0,"name":"Shaded","section":"Shading Mode"},"sceneLighting":true,"audioPlay":false,"sceneViewState":{"showFog":true,"showMaterialUpdate":false,"showSkybox":true,"showFlares":true,"showImageEffects":true,"showParticleSystems":true},"in2DMode":false,"pivot":{"x":0.2677001953125,"y":1.4080810546875,"z":0.732421875},"rotation":{"x":0.058687515556812289,"y":-0.9087512493133545,"z":0.1367848664522171,"w":0.3899000585079193},"size":2.170959949493408,"orthographic":true}